<?xml version="1.0" encoding="UTF-8"?>
<module codename="org.netbeans.bootstrap/1">
    <module_version install_time="1354048675596" last="true" origin="installer" specification_version="2.52.3">
        <file crc="515626848" name="lib/boot.jar"/>
        <file crc="46069828" name="lib/locale/boot_ja.jar"/>
        <file crc="2485104774" name="lib/locale/boot_pt_BR.jar"/>
        <file crc="2030220867" name="lib/locale/boot_ru.jar"/>
        <file crc="3259298199" name="lib/locale/boot_zh_CN.jar"/>
        <file crc="3646150229" name="lib/nbexec"/>
        <file crc="2456958452" name="lib/nbexec.dll"/>
        <file crc="3581242558" name="lib/nbexec.exe"/>
        <file crc="1697682851" name="lib/nbexec64.dll"/>
        <file crc="3672063725" name="lib/nbexec64.exe"/>
    </module_version>
</module>
