<?xml version="1.0" encoding="UTF-8"?>
<module codename="org.netbeans.modules.progress.ui">
    <module_version install_time="1354048673490" last="true" origin="installer" specification_version="1.20.1">
        <file crc="3222128542" name="config/Modules/org-netbeans-modules-progress-ui.xml"/>
        <file crc="2274192506" name="modules/locale/org-netbeans-modules-progress-ui_ja.jar"/>
        <file crc="2007561608" name="modules/locale/org-netbeans-modules-progress-ui_pt_BR.jar"/>
        <file crc="1593197541" name="modules/locale/org-netbeans-modules-progress-ui_ru.jar"/>
        <file crc="1488248898" name="modules/locale/org-netbeans-modules-progress-ui_zh_CN.jar"/>
        <file crc="3979486411" name="modules/org-netbeans-modules-progress-ui.jar"/>
    </module_version>
</module>
