<?xml version="1.0" encoding="UTF-8"?>
<module codename="org.openide.options">
    <module_version install_time="1354048674832" last="true" origin="installer" specification_version="6.23.1">
        <file crc="2763036759" name="config/Modules/org-openide-options.xml"/>
        <file crc="1437831808" name="modules/locale/org-openide-options_ja.jar"/>
        <file crc="1287548678" name="modules/locale/org-openide-options_pt_BR.jar"/>
        <file crc="1255139350" name="modules/locale/org-openide-options_ru.jar"/>
        <file crc="4045439509" name="modules/locale/org-openide-options_zh_CN.jar"/>
        <file crc="3467882146" name="modules/org-openide-options.jar"/>
    </module_version>
</module>
