<?xml version="1.0" encoding="UTF-8"?>
<module codename="org.netbeans.modules.applemenu/1">
    <module_version install_time="1354048672664" last="true" origin="installer" specification_version="1.24.1">
        <file crc="2121659589" name="config/Modules/org-netbeans-modules-applemenu.xml"/>
        <file crc="2462276926" name="modules/locale/org-netbeans-modules-applemenu_ja.jar"/>
        <file crc="224417489" name="modules/locale/org-netbeans-modules-applemenu_pt_BR.jar"/>
        <file crc="34509408" name="modules/locale/org-netbeans-modules-applemenu_ru.jar"/>
        <file crc="2134467562" name="modules/locale/org-netbeans-modules-applemenu_zh_CN.jar"/>
        <file crc="3834877948" name="modules/org-netbeans-modules-applemenu.jar"/>
    </module_version>
</module>
