<?xml version="1.0" encoding="UTF-8"?>
<module codename="org.netbeans.modules.masterfs.windows">
    <module_version install_time="1354048673210" last="true" origin="installer" specification_version="1.1.1">
        <file crc="2941073432" name="config/Modules/org-netbeans-modules-masterfs-windows.xml"/>
        <file crc="2290772975" name="modules/locale/org-netbeans-modules-masterfs-windows_ja.jar"/>
        <file crc="1646698334" name="modules/locale/org-netbeans-modules-masterfs-windows_pt_BR.jar"/>
        <file crc="1417392156" name="modules/locale/org-netbeans-modules-masterfs-windows_ru.jar"/>
        <file crc="430225257" name="modules/locale/org-netbeans-modules-masterfs-windows_zh_CN.jar"/>
        <file crc="4174462991" name="modules/org-netbeans-modules-masterfs-windows.jar"/>
    </module_version>
</module>
