<?xml version="1.0" encoding="UTF-8"?>
<module codename="org.netbeans.swing.tabcontrol">
    <module_version install_time="1354048676501" last="true" origin="installer" specification_version="1.36.1">
        <file crc="327432460" name="config/Modules/org-netbeans-swing-tabcontrol.xml"/>
        <file crc="3685518021" name="modules/locale/org-netbeans-swing-tabcontrol_ja.jar"/>
        <file crc="2333055271" name="modules/locale/org-netbeans-swing-tabcontrol_pt_BR.jar"/>
        <file crc="4289837294" name="modules/locale/org-netbeans-swing-tabcontrol_ru.jar"/>
        <file crc="4132121683" name="modules/locale/org-netbeans-swing-tabcontrol_zh_CN.jar"/>
        <file crc="874968307" name="modules/org-netbeans-swing-tabcontrol.jar"/>
    </module_version>
</module>
