<?xml version="1.0" encoding="UTF-8"?>
<module codename="org.netbeans.modules.favorites/1">
    <module_version install_time="1354048672913" last="true" origin="installer" specification_version="1.29.1">
        <file crc="1394443980" name="config/Modules/org-netbeans-modules-favorites.xml"/>
        <file crc="3929824496" name="modules/locale/org-netbeans-modules-favorites_ja.jar"/>
        <file crc="1502306364" name="modules/locale/org-netbeans-modules-favorites_pt_BR.jar"/>
        <file crc="3586656935" name="modules/locale/org-netbeans-modules-favorites_ru.jar"/>
        <file crc="1819434875" name="modules/locale/org-netbeans-modules-favorites_zh_CN.jar"/>
        <file crc="3825766361" name="modules/org-netbeans-modules-favorites.jar"/>
    </module_version>
</module>
