<?xml version="1.0" encoding="UTF-8"?>
<module codename="org.netbeans.swing.outline">
    <module_version install_time="1354048676454" last="true" origin="installer" specification_version="1.20.1">
        <file crc="3679534386" name="config/Modules/org-netbeans-swing-outline.xml"/>
        <file crc="2343513117" name="modules/locale/org-netbeans-swing-outline_ja.jar"/>
        <file crc="1714989918" name="modules/locale/org-netbeans-swing-outline_pt_BR.jar"/>
        <file crc="1162586534" name="modules/locale/org-netbeans-swing-outline_ru.jar"/>
        <file crc="2285710265" name="modules/locale/org-netbeans-swing-outline_zh_CN.jar"/>
        <file crc="1311218650" name="modules/org-netbeans-swing-outline.jar"/>
    </module_version>
</module>
