<?xml version="1.0" encoding="UTF-8"?>
<module codename="org.openide.awt">
    <module_version install_time="1354048675206" last="true" origin="installer" specification_version="7.46.1">
        <file crc="3208246121" name="config/Modules/org-openide-awt.xml"/>
        <file crc="334091343" name="modules/locale/org-openide-awt_ja.jar"/>
        <file crc="1223479137" name="modules/locale/org-openide-awt_pt_BR.jar"/>
        <file crc="3180782312" name="modules/locale/org-openide-awt_ru.jar"/>
        <file crc="3813597154" name="modules/locale/org-openide-awt_zh_CN.jar"/>
        <file crc="3115878453" name="modules/org-openide-awt.jar"/>
    </module_version>
</module>
