<?xml version="1.0" encoding="UTF-8"?>
<module codename="org.netbeans.core.nativeaccess/1">
    <module_version install_time="1354048671602" last="true" origin="installer" specification_version="1.16.1">
        <file crc="1370516056" name="config/Modules/org-netbeans-core-nativeaccess.xml"/>
        <file crc="1823659508" name="modules/ext/platform-3.4.0.jar"/>
        <file crc="1248194868" name="modules/locale/org-netbeans-core-nativeaccess_ja.jar"/>
        <file crc="2821453706" name="modules/locale/org-netbeans-core-nativeaccess_pt_BR.jar"/>
        <file crc="3654638141" name="modules/locale/org-netbeans-core-nativeaccess_ru.jar"/>
        <file crc="2993761851" name="modules/locale/org-netbeans-core-nativeaccess_zh_CN.jar"/>
        <file crc="861234874" name="modules/org-netbeans-core-nativeaccess.jar"/>
    </module_version>
</module>
