<?xml version="1.0" encoding="UTF-8"?>
<module codename="org.openide.io">
    <module_version install_time="1354048674692" last="true" origin="installer" specification_version="1.31.2">
        <file crc="3834804485" name="config/Modules/org-openide-io.xml"/>
        <file crc="726115715" name="modules/locale/org-openide-io_ja.jar"/>
        <file crc="2710847301" name="modules/locale/org-openide-io_pt_BR.jar"/>
        <file crc="1425200699" name="modules/locale/org-openide-io_ru.jar"/>
        <file crc="2387689177" name="modules/locale/org-openide-io_zh_CN.jar"/>
        <file crc="2864207545" name="modules/org-openide-io.jar"/>
    </module_version>
</module>
