<?xml version="1.0" encoding="UTF-8"?>
<module codename="org.openide.nodes">
    <module_version install_time="1354048675409" last="true" origin="installer" specification_version="7.28.1">
        <file crc="11361373" name="config/ModuleAutoDeps/org-openide-nodes.xml"/>
        <file crc="3092369940" name="config/Modules/org-openide-nodes.xml"/>
        <file crc="435050959" name="modules/locale/org-openide-nodes_ja.jar"/>
        <file crc="1378162182" name="modules/locale/org-openide-nodes_pt_BR.jar"/>
        <file crc="1797771897" name="modules/locale/org-openide-nodes_ru.jar"/>
        <file crc="700988721" name="modules/locale/org-openide-nodes_zh_CN.jar"/>
        <file crc="1939457354" name="modules/org-openide-nodes.jar"/>
    </module_version>
</module>
