<?xml version="1.0" encoding="UTF-8"?>
<module codename="org.netbeans.libs.jsr223/1">
    <module_version install_time="1354048672398" last="true" origin="installer" specification_version="1.23.1">
        <file crc="1051087422" name="config/Modules/org-netbeans-libs-jsr223.xml"/>
        <file crc="2145964842" name="modules/locale/org-netbeans-libs-jsr223_ja.jar"/>
        <file crc="2039176921" name="modules/locale/org-netbeans-libs-jsr223_pt_BR.jar"/>
        <file crc="1921487827" name="modules/locale/org-netbeans-libs-jsr223_ru.jar"/>
        <file crc="821117813" name="modules/locale/org-netbeans-libs-jsr223_zh_CN.jar"/>
        <file crc="910963764" name="modules/org-netbeans-libs-jsr223.jar"/>
    </module_version>
</module>
