<?xml version="1.0" encoding="UTF-8"?>
<module codename="org.netbeans.modules.sendopts/2">
    <module_version install_time="1354048674052" last="true" origin="installer" specification_version="2.22.1">
        <file crc="3090052921" name="config/Modules/org-netbeans-modules-sendopts.xml"/>
        <file crc="853528814" name="modules/locale/org-netbeans-modules-sendopts_ja.jar"/>
        <file crc="4293637970" name="modules/locale/org-netbeans-modules-sendopts_pt_BR.jar"/>
        <file crc="3473886167" name="modules/locale/org-netbeans-modules-sendopts_ru.jar"/>
        <file crc="2701117532" name="modules/locale/org-netbeans-modules-sendopts_zh_CN.jar"/>
        <file crc="3181280728" name="modules/org-netbeans-modules-sendopts.jar"/>
    </module_version>
</module>
