<?xml version="1.0" encoding="UTF-8"?>
<module codename="org.netbeans.modules.keyring.impl">
    <module_version install_time="1354048673069" last="true" origin="installer" specification_version="1.7.1">
        <file crc="729697579" name="config/Modules/org-netbeans-modules-keyring-impl.xml"/>
        <file crc="3288633886" name="modules/locale/org-netbeans-modules-keyring-impl_ja.jar"/>
        <file crc="313377081" name="modules/locale/org-netbeans-modules-keyring-impl_pt_BR.jar"/>
        <file crc="4173860605" name="modules/locale/org-netbeans-modules-keyring-impl_ru.jar"/>
        <file crc="1853647190" name="modules/locale/org-netbeans-modules-keyring-impl_zh_CN.jar"/>
        <file crc="2665791446" name="modules/org-netbeans-modules-keyring-impl.jar"/>
    </module_version>
</module>
