<?xml version="1.0" encoding="UTF-8"?>
<module codename="org.openide.util">
    <module_version install_time="1354576586386" last="true" origin="installer" specification_version="8.25.2">
        <file crc="3298874072" name="config/ModuleAutoDeps/org-openide-util.xml"/>
        <file crc="2243993713" name="lib/locale/org-openide-util_ja.jar"/>
        <file crc="2549158705" name="lib/locale/org-openide-util_pt_BR.jar"/>
        <file crc="3171789939" name="lib/locale/org-openide-util_ru.jar"/>
        <file crc="1017215430" name="lib/locale/org-openide-util_zh_CN.jar"/>
        <file crc="1986466033" name="lib/org-openide-util.jar"/>
    </module_version>
</module>
