<?xml version="1.0" encoding="UTF-8"?>
<module codename="org.netbeans.modules.masterfs.linux">
    <module_version install_time="1354576584764" last="true" origin="installer" specification_version="1.1.1">
        <file crc="367044464" name="config/Modules/org-netbeans-modules-masterfs-linux.xml"/>
        <file crc="3717547127" name="modules/locale/org-netbeans-modules-masterfs-linux_ja.jar"/>
        <file crc="1231195390" name="modules/locale/org-netbeans-modules-masterfs-linux_pt_BR.jar"/>
        <file crc="1776395274" name="modules/locale/org-netbeans-modules-masterfs-linux_ru.jar"/>
        <file crc="2511695450" name="modules/locale/org-netbeans-modules-masterfs-linux_zh_CN.jar"/>
        <file crc="3199279838" name="modules/org-netbeans-modules-masterfs-linux.jar"/>
    </module_version>
</module>
