<?xml version="1.0" encoding="UTF-8"?>
<module codename="org.netbeans.modules.options.keymap">
    <module_version install_time="1354576585045" last="true" origin="installer" specification_version="1.19.2">
        <file crc="2363851279" name="config/Modules/org-netbeans-modules-options-keymap.xml"/>
        <file crc="4210198273" name="modules/locale/org-netbeans-modules-options-keymap_ja.jar"/>
        <file crc="2755755387" name="modules/locale/org-netbeans-modules-options-keymap_pt_BR.jar"/>
        <file crc="337339428" name="modules/locale/org-netbeans-modules-options-keymap_ru.jar"/>
        <file crc="1660219362" name="modules/locale/org-netbeans-modules-options-keymap_zh_CN.jar"/>
        <file crc="3843024406" name="modules/org-netbeans-modules-options-keymap.jar"/>
    </module_version>
</module>
