<?xml version="1.0" encoding="UTF-8"?>
<module codename="org.openide.dialogs">
    <module_version install_time="1354576586605" last="true" origin="installer" specification_version="7.25.1">
        <file crc="807629635" name="config/Modules/org-openide-dialogs.xml"/>
        <file crc="4076710690" name="modules/locale/org-openide-dialogs_ja.jar"/>
        <file crc="1918393713" name="modules/locale/org-openide-dialogs_pt_BR.jar"/>
        <file crc="3474043713" name="modules/locale/org-openide-dialogs_ru.jar"/>
        <file crc="3978479817" name="modules/locale/org-openide-dialogs_zh_CN.jar"/>
        <file crc="3835123532" name="modules/org-openide-dialogs.jar"/>
    </module_version>
</module>
