<?xml version="1.0" encoding="UTF-8"?>
<module codename="org.netbeans.core.netigso">
    <module_version install_time="1354576583188" last="true" origin="installer" specification_version="1.16.1">
        <file crc="3723901005" name="config/Modules/org-netbeans-core-netigso.xml"/>
        <file crc="1708904747" name="modules/locale/org-netbeans-core-netigso_ja.jar"/>
        <file crc="127897115" name="modules/locale/org-netbeans-core-netigso_pt_BR.jar"/>
        <file crc="175935501" name="modules/locale/org-netbeans-core-netigso_ru.jar"/>
        <file crc="3962714038" name="modules/locale/org-netbeans-core-netigso_zh_CN.jar"/>
        <file crc="176841054" name="modules/org-netbeans-core-netigso.jar"/>
    </module_version>
</module>
