<?xml version="1.0" encoding="UTF-8"?>
<module codename="org.netbeans.modules.autoupdate.ui">
    <module_version install_time="1354576584421" last="true" origin="installer" specification_version="1.27.3">
        <file crc="123778612" name="config/Modules/org-netbeans-modules-autoupdate-ui.xml"/>
        <file crc="3265361152" name="modules/locale/org-netbeans-modules-autoupdate-ui_ja.jar"/>
        <file crc="2383125665" name="modules/locale/org-netbeans-modules-autoupdate-ui_pt_BR.jar"/>
        <file crc="1687267759" name="modules/locale/org-netbeans-modules-autoupdate-ui_ru.jar"/>
        <file crc="413311556" name="modules/locale/org-netbeans-modules-autoupdate-ui_zh_CN.jar"/>
        <file crc="1715299199" name="modules/org-netbeans-modules-autoupdate-ui.jar"/>
    </module_version>
</module>
