<?xml version="1.0" encoding="UTF-8"?>
<module codename="org.openide.actions">
    <module_version install_time="1354576586955" last="true" origin="installer" specification_version="6.26.1">
        <file crc="3556488737" name="config/Modules/org-openide-actions.xml"/>
        <file crc="1291615859" name="modules/locale/org-openide-actions_ja.jar"/>
        <file crc="4108199210" name="modules/locale/org-openide-actions_pt_BR.jar"/>
        <file crc="3788108953" name="modules/locale/org-openide-actions_ru.jar"/>
        <file crc="3913623485" name="modules/locale/org-openide-actions_zh_CN.jar"/>
        <file crc="2076190125" name="modules/org-openide-actions.jar"/>
    </module_version>
</module>
