<?xml version="1.0" encoding="UTF-8"?>
<module codename="org.netbeans.api.visual">
    <module_version install_time="1354576582923" last="true" origin="installer" specification_version="2.32.1">
        <file crc="1235850484" name="config/Modules/org-netbeans-api-visual.xml"/>
        <file crc="4046449300" name="modules/locale/org-netbeans-api-visual_ja.jar"/>
        <file crc="1783609651" name="modules/locale/org-netbeans-api-visual_pt_BR.jar"/>
        <file crc="2328965643" name="modules/locale/org-netbeans-api-visual_ru.jar"/>
        <file crc="3926044325" name="modules/locale/org-netbeans-api-visual_zh_CN.jar"/>
        <file crc="2398876736" name="modules/org-netbeans-api-visual.jar"/>
    </module_version>
</module>
