<?xml version="1.0" encoding="UTF-8"?>
<module codename="org.netbeans.api.annotations.common/1">
    <module_version install_time="1354576586199" last="true" origin="installer" specification_version="1.14.1">
        <file crc="1285559856" name="config/Modules/org-netbeans-api-annotations-common.xml"/>
        <file crc="2723876642" name="modules/locale/org-netbeans-api-annotations-common_ja.jar"/>
        <file crc="641707956" name="modules/locale/org-netbeans-api-annotations-common_pt_BR.jar"/>
        <file crc="3832184634" name="modules/locale/org-netbeans-api-annotations-common_ru.jar"/>
        <file crc="2122753831" name="modules/locale/org-netbeans-api-annotations-common_zh_CN.jar"/>
        <file crc="4147918843" name="modules/org-netbeans-api-annotations-common.jar"/>
    </module_version>
</module>
