<?xml version="1.0" encoding="UTF-8"?>
<module codename="org.netbeans.api.progress/1">
    <module_version install_time="1354576586620" last="true" origin="installer" specification_version="1.28.1">
        <file crc="1605883752" name="config/Modules/org-netbeans-api-progress.xml"/>
        <file crc="1565555821" name="modules/locale/org-netbeans-api-progress_ja.jar"/>
        <file crc="2586875313" name="modules/locale/org-netbeans-api-progress_pt_BR.jar"/>
        <file crc="3913843960" name="modules/locale/org-netbeans-api-progress_ru.jar"/>
        <file crc="2987777918" name="modules/locale/org-netbeans-api-progress_zh_CN.jar"/>
        <file crc="2182782037" name="modules/org-netbeans-api-progress.jar"/>
    </module_version>
</module>
