<?xml version="1.0" encoding="UTF-8"?>
<module codename="org.openide.modules">
    <module_version install_time="1354576587165" last="true" origin="installer" specification_version="7.32.1">
        <file crc="1391508081" name="config/ModuleAutoDeps/org-openide-modules.xml"/>
        <file crc="2964128735" name="lib/locale/org-openide-modules_ja.jar"/>
        <file crc="850646194" name="lib/locale/org-openide-modules_pt_BR.jar"/>
        <file crc="2568364366" name="lib/locale/org-openide-modules_ru.jar"/>
        <file crc="3324773811" name="lib/locale/org-openide-modules_zh_CN.jar"/>
        <file crc="2286050972" name="lib/org-openide-modules.jar"/>
    </module_version>
</module>
