<?xml version="1.0" encoding="UTF-8"?>
<module codename="org.netbeans.modules.print">
    <module_version install_time="1354576585091" last="true" origin="installer" specification_version="7.13.1">
        <file crc="4146358971" name="config/Modules/org-netbeans-modules-print.xml"/>
        <file crc="1744612956" name="modules/locale/org-netbeans-modules-print_ja.jar"/>
        <file crc="1740468975" name="modules/locale/org-netbeans-modules-print_pt_BR.jar"/>
        <file crc="1602743511" name="modules/locale/org-netbeans-modules-print_ru.jar"/>
        <file crc="2766869531" name="modules/locale/org-netbeans-modules-print_zh_CN.jar"/>
        <file crc="189587279" name="modules/org-netbeans-modules-print.jar"/>
    </module_version>
</module>
