<?xml version="1.0" encoding="UTF-8"?>
<module codename="org.netbeans.modules.editor.mimelookup/1">
    <module_version install_time="1354576587065" last="true" origin="installer" specification_version="1.26.1">
        <file crc="244035803" name="config/Modules/org-netbeans-modules-editor-mimelookup.xml"/>
        <file crc="1532361237" name="modules/locale/org-netbeans-modules-editor-mimelookup_ja.jar"/>
        <file crc="2947728658" name="modules/locale/org-netbeans-modules-editor-mimelookup_pt_BR.jar"/>
        <file crc="505104721" name="modules/locale/org-netbeans-modules-editor-mimelookup_ru.jar"/>
        <file crc="1328009765" name="modules/locale/org-netbeans-modules-editor-mimelookup_zh_CN.jar"/>
        <file crc="2311898396" name="modules/org-netbeans-modules-editor-mimelookup.jar"/>
    </module_version>
</module>
