<?xml version="1.0" encoding="UTF-8"?>
<module codename="org.netbeans.core.multiview/1">
    <module_version install_time="1354576583079" last="true" origin="installer" specification_version="1.29.1">
        <file crc="3216778929" name="config/Modules/org-netbeans-core-multiview.xml"/>
        <file crc="1689588025" name="modules/locale/org-netbeans-core-multiview_ja.jar"/>
        <file crc="297825843" name="modules/locale/org-netbeans-core-multiview_pt_BR.jar"/>
        <file crc="3327859950" name="modules/locale/org-netbeans-core-multiview_ru.jar"/>
        <file crc="1549768769" name="modules/locale/org-netbeans-core-multiview_zh_CN.jar"/>
        <file crc="2166033627" name="modules/org-netbeans-core-multiview.jar"/>
    </module_version>
</module>
