<?xml version="1.0" encoding="UTF-8"?>
<module codename="org.openide.compat">
    <module_version install_time="1354576585559" last="true" origin="installer" specification_version="6.21.1">
        <file crc="1028000658" name="config/Modules/org-openide-compat.xml"/>
        <file crc="1612373601" name="modules/locale/org-openide-compat_ja.jar"/>
        <file crc="3333778274" name="modules/locale/org-openide-compat_pt_BR.jar"/>
        <file crc="3870400863" name="modules/locale/org-openide-compat_ru.jar"/>
        <file crc="254453124" name="modules/locale/org-openide-compat_zh_CN.jar"/>
        <file crc="706798207" name="modules/org-openide-compat.jar"/>
    </module_version>
</module>
